message,class
ข้าว ผัด อเมริกัน อาหาร จานด่วน จาก ไทย,Yes
แกงหน่อไม้ใบย่างนาง เมนู แกง แบบ อีสาน แสนอร่อย ถือ เป็น อาหาร พื้นบ้าน,Yes
อีกหนึ่ง อาหาร ไทย ยอดนิยม เมนูกะหล่ำปลี เมนูผัด เคล็ดลับการ ทำ คือ วัตถุดิบคุณภาพ เทคนิคการเตรียมอาหาร และ การปรุงรสชาติ,Yes
ผัดผักกวางตุ้งหมูสับ ภาษา อังกฤษ เรียก ว่า Stir fried Soy sum with minced pork เป็น หนึ่ง ใน อาหารเบาๆ สบาย ท้อง ของ ไทย,Yes
ต้มยำปลาช่อนใบมะขามอ่อน อาหาร ไทย อร่อย แน่นอน วิธีทำ ต้มยำ ปลาช่อน ใบ มะขาม อ่อน ไม่ ยาก ใครๆ ก็ ทำ กิน เองได้ ,Yes
แกงคั่วฟักไก่ อาหาร ไทย ยอดนิยม ส่วนผสม และ ขั้นตอน การทำอาหาร เข้าใจง่าย เหมาะ สำหรับ คน รัก การทำอาหาร เมนู อาหาร เหนือ,Yes
เมนู อาหาร แนะนำ สำหรับ อาหาร พื้นบ้าน ภาคใต้ เป็น เมนู ผัด กะปิ คือ ไก่ผัดกะปิ ,Yes
น้ำพริกตาแดง ภาษา ท้องถิ่น ภาคเหนือ อ่าน ออก เสียง ว่า น้ำ-พิก-ต๋า-แดง ซึ่ง มี ส่วนผสม หลัก ประกอบด้วย พริกแห้ง ปลาร้า ถั่วเน่า และ ปลาแห้ง,Yes
ฟองดูชีส เป็น อาหาร สวิตเซอร์แลนด์ เป็น อาหาร ที่ ชาวสวิต รับประทานกัน ใน ฤดู หนาว มา ตั้งแต่ สมัย โบราณ,No
พิซซ่าต้นตำหรับ เป็น อาหาร ที่ คนทั่วโลก ต่างก็ต้อง รู้จักกัน พิซซ่าดั้งเดิม ตาม สไตล์ อิตาลี คือ พิซซ่ามาการิต้า,No
สปาเก็ตตี้ ซีฟู๊ด เป็น อาหาร อิตาลี ส่วนผสม มี เพียง เส้นสปาเก็ตตี้ หอย ปลาหมึก และกุ้ง ,No
ขาหมูเยอรมัน  เยอรมนี หรือ Schweinshaxe ชาว เยอรมัน จะ ชอบ รับประทาน เมนูนี้ คู่กับ เบียร์เย็นๆ ,No
Rosti เป็น อาหาร สวิตเซอร์แลนด์ ทำ มา จาก มันฝรั่งหั่น ละเอียด นำ เอามา ผสม แฮม หรือ เนยแข็ง แล้ว ทอด จนเ ป็น สีเหลืองทอง,No
เจลาโต้ เป็น ไอศกรีม อิตาเลียน ซึ่ง มี ความแตกต่าง กับ ไอศกรีมทั่วไป,No
ทีรามิสุ เค้ก และ ของหวา นสไตล์ อิตาเลียน ทำ มา จาก บิสกิตต์ Ladyfingers จุ่ม กับ กาแฟ และ ทำ เป็นชั้น ๆ  สลับ กับ วิปครีม,No
อาหาร ประจำชาติ อีกอย่าง ของ เยอรมัน Steckerlfisch ถูก จัด ว่า เป็น อาหาร ที่ ทำ ได้ง่าย นิยม นำ มา ย่าง กลางแจ้ง หรือ ตาม ลานเบียร์,No
Brathend’l คือ ไก่ย่าง แบบ เยอรมัน เป็น ไก่ ย่าง ที่ นิยม ขาย ตาม ลานเบียร์ ทั่วไป ใน ทุก โอกาส,No
Würste หรือ ไส้กรอก ของ เยอรมัน เป็น ที่ นิยม อย่างมาก,No
"สปาเก็ตตี้คาโบนาล่า เป็น อาหาร อิตาเลียน ซึ่ง เมนู นี้ จะ ประกอบด้วย เส้นพาสต้า, ชีส, ไข่, เนื้อหมู และพริกไทยดำ",No
เมนู อาหาร “ริซอตโต้”  เป็น อีก หนึ่ง ทาง เลือก ของ เมนู อาหาร อิตาลี นอก จาก พาสต้า,No
